Name,US dollar,Euro,Japanese yen,Pound sterling,Canadian dollar,Swiss franc,Indian rupee,Chinese renmimbi,US dollar,Turkish lira,Saudi riyal,Indonesian rupiah,UAE dirham,Thai baht,Vietnamese dong,Egyptian pound,Korean won,Euro,Russian ruble,US dollar,South African rand,Chinese renmimbi,Canadian dollar,Australian dollar
1/1/2019,1279.0,1118.8,140325.5,1004.2,1746.9,1260.8,89293.4,8781.2,1279.0,6804.2,4797.9,18392020.0,4698.0,41644.2,29666405.0,22919.7,1427108.0,1118.8,88727.4,1279.0,18398.4,8781.2,1746.9,1816.8
1/2/2019,1282.9,1129.9,140214.5,1018.0,1745.5,1268.0,89960.2,8790.2,1282.9,6905.8,4812.5,18544318.1,4712.3,41376.7,29772899.5,22976.7,1435821.5,1129.9,88226.6,1282.9,18496.2,8790.2,1745.5,1832.9
1/3/2019,1290.5,1132.8,138807.2,1024.1,1743.8,1276.8,90454.1,8868.0,1290.5,7095.5,4840.3,18595383.8,4740.0,41507.3,29941665.0,23131.3,1455111.2,1132.8,88768.5,1290.5,18547.0,8868.0,1743.8,1844.4
1/4/2019,1279.9,1121.8,138395.6,1006.2,1713.9,1261.9,89263.4,8785.5,1279.9,6853.8,4800.8,18264171.6,4701.3,41072.0,29692397.8,22923.0,1439311.2,1121.8,86625.2,1279.9,17907.4,8785.5,1713.9,1802.0
1/7/2019,1292.2,1127.4,140126.2,1012.1,1720.4,1268.5,90047.0,8851.2,1292.2,6956.4,4847.2,18207097.3,4746.4,41360.1,29977746.7,23143.3,1445454.7,1127.4,86170.4,1292.2,17919.6,8851.2,1720.4,1811.2
1/8/2019,1286.5,1124.4,139740.6,1010.4,1709.4,1262.6,90299.1,8820.5,1286.5,7081.1,4825.9,18196834.6,4725.3,41266.1,29843709.2,23066.0,1445905.4,1124.4,86153.5,1286.5,17978.1,8820.5,1709.4,1804.7
1/9/2019,1288.6,1119.5,139420.1,1011.3,1706.2,1259.0,90878.5,8805.0,1288.6,7084.7,4834.1,18201472.9,4733.2,41254.5,29893583.7,23098.1,1445937.7,1119.5,86228.3,1288.6,17947.0,8805.0,1706.2,1798.6
1/10/2019,1291.9,1121.3,139796.5,1011.1,1709.2,1266.5,91020.8,8759.1,1291.9,6980.0,4846.5,18157653.1,4745.3,41240.7,29968202.0,23137.9,1444731.4,1121.3,86589.6,1291.9,17867.8,8759.1,1709.2,1796.9
1/11/2019,1289.0,1123.0,139735.1,1005.2,1708.6,1266.8,90842.0,8698.1,1289.0,7065.4,4835.6,18102013.1,4734.5,41143.3,29902349.9,23104.4,1438983.6,1123.0,86300.0,1289.0,17852.0,8698.1,1708.6,1790.1
1/14/2019,1292.8,1127.3,140030.7,1001.2,1714.8,1268.2,91546.1,8736.4,1292.8,7087.7,4849.2,18258801.0,4748.5,41329.2,29991153.6,23172.5,1451693.6,1127.3,86591.6,1292.8,17817.3,8736.4,1714.8,1794.4
1/15/2019,1294.4,1132.2,140461.8,1010.7,1714.3,1277.0,91921.8,8742.4,1294.4,7035.3,4855.3,18241330.6,4754.5,41294.6,30035255.3,23182.7,1450569.1,1132.2,86618.0,1294.4,17823.9,8742.4,1714.3,1796.9
1/16/2019,1292.3,1134.1,140660.4,1004.9,1712.2,1279.9,92018.2,8728.1,1292.3,6918.1,4847.4,18250504.0,4746.8,40962.7,29980063.2,23145.1,1447440.1,1134.1,85874.2,1292.3,17733.6,8728.1,1712.2,1799.9
1/17/2019,1290.7,1134.2,140712.1,999.9,1715.7,1283.8,91646.1,8744.1,1290.7,6932.1,4841.3,18302125.3,4740.9,40960.3,29942302.8,23135.8,1448681.5,1134.2,85936.4,1290.7,17794.8,8744.1,1715.7,1802.7
1/18/2019,1284.2,1129.8,140831.8,995.0,1701.5,1278.5,91348.3,8693.8,1284.2,6844.9,4816.7,18203534.3,4717.1,40718.8,29792796.8,22974.3,1440679.5,1129.8,84957.9,1284.2,17680.2,8693.8,1701.5,1787.5
1/21/2019,1279.6,1125.8,140264.2,992.4,1700.2,1276.4,91121.5,8688.3,1279.6,6826.7,4799.3,18198397.1,4700.0,40664.1,29683636.1,22935.9,1443395.9,1125.8,84931.8,1279.6,17694.6,8688.3,1700.2,1788.2
1/22/2019,1282.1,1129.0,140313.0,989.4,1709.9,1279.0,91572.4,8731.2,1282.1,6847.6,4808.5,18225049.4,4709.3,40796.4,29742793.5,22962.4,1449606.1,1129.0,85270.9,1282.1,17830.8,8731.2,1709.9,1796.2
1/23/2019,1279.8,1124.7,140310.8,979.8,1709.3,1274.4,91307.3,8686.6,1279.8,6764.6,4799.9,18147561.2,4700.8,40617.6,29688795.9,22918.0,1442782.1,1124.7,84610.0,1279.8,17706.0,8686.6,1709.3,1794.5
1/24/2019,1283.7,1130.7,140674.3,984.1,1712.4,1277.2,91360.9,8721.1,1283.7,6739.4,4814.5,18183609.8,4715.2,40731.8,29777987.8,22965.4,1448719.3,1130.7,84400.1,1283.7,17589.9,8721.1,1712.4,1806.9
1/25/2019,1293.9,1135.2,141908.5,982.5,1715.6,1285.3,92164.5,8751.3,1293.9,6825.8,4852.7,18224580.1,4752.4,40958.4,30011361.3,23147.9,1450979.2,1135.2,85389.3,1293.9,17592.2,8751.3,1715.6,1805.5
1/28/2019,1302.2,1138.7,142292.4,989.8,1726.3,1290.9,92636.2,8775.1,1302.2,6951.5,4883.7,18321249.1,4783.0,41073.1,30203367.0,22976.4,1455673.3,1138.7,86142.1,1302.2,17841.1,8775.1,1726.3,1816.7
1/29/2019,1307.6,1145.5,142954.4,994.6,1735.6,1301.0,92979.9,8801.1,1307.6,6944.6,4903.9,18429914.5,4802.8,41227.0,30331232.8,23065.2,1459879.4,1145.5,86384.9,1307.6,17805.6,8801.1,1735.6,1828.9
1/30/2019,1310.7,1147.2,143646.1,1002.8,1730.3,1308.4,93262.9,8800.0,1310.7,6895.3,4915.7,18520190.3,4814.4,41129.8,30413481.7,23147.0,1463199.7,1147.2,86390.7,1310.7,17796.9,8800.0,1730.3,1822.7
1/31/2019,1323.3,1153.2,144009.3,1005.9,1737.8,1312.8,94109.5,8873.1,1323.3,6849.0,4962.9,18489110.6,4860.3,41341.6,30698076.8,23408.3,1472314.0,1153.2,86644.8,1323.3,17559.5,8873.1,1737.8,1814.8
2/1/2019,1318.7,1149.9,144232.8,1007.2,1727.5,1310.8,94006.8,8882.8,1318.7,6878.3,4945.9,18382677.3,4843.8,41262.1,30603729.1,23314.6,1475295.6,1149.9,86435.8,1318.7,17570.9,8882.8,1727.5,1817.0
2/4/2019,1312.2,1148.1,144402.1,1002.9,1721.9,1309.2,94146.1,8838.6,1312.2,6845.0,4921.2,18311051.9,4819.7,41099.8,30451718.9,23198.8,1467967.7,1148.1,86114.7,1312.2,17559.9,8838.6,1721.9,1817.5
2/5/2019,1314.2,1151.8,144443.7,1015.6,1725.7,1314.2,94073.7,8852.5,1314.2,6836.9,4928.7,18339660.3,4827.3,41127.9,30499295.4,23195.6,1470261.2,1151.8,86165.5,1314.2,17609.5,8852.5,1725.7,1816.2
2/6/2019,1312.4,1153.4,144127.8,1012.3,1729.3,1313.5,93908.8,8840.3,1312.4,6848.4,4922.0,18268606.6,4820.6,40976.4,30457520.7,23098.2,1468247.4,1153.4,86264.0,1312.4,17712.5,8840.3,1729.3,1839.5
2/7/2019,1310.0,1153.6,143779.0,1009.8,1737.3,1311.2,93524.2,8824.2,1310.0,6883.7,4913.0,18303975.0,4811.8,40947.3,30401825.0,23054.4,1472701.9,1153.6,86350.3,1310.0,17870.0,8824.2,1737.3,1842.9
2/8/2019,1314.9,1160.7,144278.5,1015.8,1745.5,1315.5,93743.9,8856.8,1314.9,6909.4,4931.1,18365822.8,4829.6,41388.2,30514378.0,23141.4,1477628.0,1160.7,86473.6,1314.9,17932.1,8856.8,1745.5,1854.5
2/11/2019,1306.4,1158.6,144226.5,1015.5,1738.8,1311.8,92963.7,8857.9,1306.4,6898.4,4899.3,18341854.6,4798.5,40991.6,30324807.7,23018.8,1469373.3,1158.6,86021.5,1306.4,18003.8,8857.9,1738.8,1848.7
2/12/2019,1310.0,1159.3,144781.2,1016.8,1736.8,1319.6,92727.7,8880.2,1310.0,6896.0,4913.0,18429735.0,4811.8,41052.1,30403790.0,23082.2,1472440.0,1159.3,85969.6,1310.0,18063.3,8880.2,1736.8,1847.5
2/13/2019,1312.8,1163.1,145563.2,1019.1,1737.3,1322.6,92965.3,8874.0,1312.8,6919.8,4923.6,18454683.3,4822.1,41123.5,30453673.5,23052.8,1472633.2,1163.1,86388.8,1312.8,18352.9,8874.0,1737.3,1845.5
2/14/2019,1311.5,1163.2,145197.2,1026.1,1746.8,1320.8,93239.2,8880.0,1311.5,6963.1,4918.4,18478329.8,4817.2,41133.6,30428261.8,23029.1,1475577.8,1163.2,88058.2,1311.5,18689.8,8880.0,1746.8,1848.4
2/15/2019,1316.6,1168.9,145551.2,1024.8,1748.4,1325.7,93830.5,8927.1,1316.6,6974.6,4937.5,18619305.6,4835.9,41178.4,30545930.3,23092.3,1486055.6,1168.9,87711.8,1316.6,18621.0,8927.1,1748.4,1849.2
2/18/2019,1325.5,1172.3,146593.7,1025.3,1754.6,1330.8,94569.4,8969.8,1325.5,7038.8,4971.2,18698165.8,4868.7,41418.6,30751600.0,23249.3,1492181.6,1172.3,87799.5,1325.5,18752.5,8969.8,1754.6,1857.6
2/19/2019,1334.2,1177.1,147503.6,1023.8,1769.0,1336.4,95186.6,9028.9,1334.2,7064.5,5003.6,18816183.2,4900.5,41688.9,30951610.7,23454.3,1505321.1,1177.1,88007.3,1334.2,18849.9,9028.9,1769.0,1868.0
2/20/2019,1343.8,1184.0,148840.5,1028.6,1769.9,1343.2,95601.1,9035.9,1343.8,7153.5,5039.5,18869609.4,4935.7,41770.5,31173656.3,23639.9,1509837.3,1184.0,88240.8,1343.8,18792.3,9035.9,1769.9,1875.2
2/21/2019,1331.3,1173.2,147316.1,1018.8,1755.0,1330.8,94753.4,8934.0,1331.3,7089.3,4992.7,18724696.9,4889.9,41521.7,30900309.4,23350.1,1497922.4,1173.2,87113.7,1331.3,18635.8,8934.0,1755.0,1877.8
2/22/2019,1329.1,1172.1,147198.9,1017.9,1752.4,1328.9,94598.4,8929.4,1329.1,7079.1,4984.4,18682453.1,4881.5,41645.8,30847246.0,23311.5,1495446.8,1172.1,86923.2,1329.1,18583.4,8929.4,1752.4,1862.6
2/25/2019,1331.1,1173.0,147573.5,1018.7,1753.6,1331.3,94494.4,8909.9,1331.1,7051.8,4991.9,18657990.6,4889.2,41651.9,30902983.3,23346.6,1492106.8,1173.0,87059.0,1331.1,18398.4,8909.9,1753.6,1855.8
2/26/2019,1325.1,1166.6,146742.6,1000.9,1748.7,1326.1,94160.0,8872.0,1325.1,7041.7,4969.4,18536784.2,4866.8,41484.0,30742480.5,23214.9,1482333.2,1166.6,87335.7,1325.1,18401.6,8872.0,1748.7,1846.9
2/27/2019,1322.9,1162.2,146697.4,991.9,1738.5,1321.0,94208.4,8841.3,1322.9,7029.7,4961.2,18559583.4,4858.8,41517.6,30689455.2,23173.0,1480533.5,1162.2,87163.4,1322.9,18458.7,8841.3,1738.5,1852.1
2/28/2019,1319.2,1158.5,146847.8,991.8,1737.3,1314.1,93826.2,8820.1,1319.2,7036.4,4947.3,18557141.3,4845.2,41569.7,30604277.7,23111.5,1483647.8,1158.5,86927.0,1319.2,18547.3,8820.1,1737.3,1854.2
3/1/2019,1312.0,1152.1,146807.2,990.6,1737.2,1309.4,92974.6,8800.3,1312.0,7085.0,4920.3,18518173.6,4818.9,41618.3,30441174.7,22972.2,1475550.1,1152.1,86280.4,1312.0,18634.6,8800.3,1737.2,1849.3
3/4/2019,1285.4,1135.4,143765.5,975.9,1712.5,1285.3,91093.1,8610.6,1285.4,6908.4,4820.6,18162700.6,4721.5,40943.2,29821920.4,22494.5,1446010.6,1135.4,84489.4,1285.4,18316.2,8610.6,1712.5,1814.1
3/5/2019,1283.8,1135.6,143650.8,979.1,1713.4,1288.5,90495.0,8606.5,1283.8,6913.1,4814.6,18136881.7,4715.6,40779.9,29782871.7,22472.9,1444788.2,1135.6,84474.0,1283.8,18194.7,8606.5,1713.4,1815.8
3/6/2019,1285.9,1136.2,143661.6,977.7,1725.6,1291.4,90478.8,8629.3,1285.9,6979.6,4822.3,18182559.9,4722.9,40954.3,29832359.5,22489.5,1451595.8,1136.2,84768.9,1285.9,18259.9,8629.3,1725.6,1829.7
3/7/2019,1285.3,1144.4,143355.9,979.8,1726.7,1295.8,90028.8,8620.6,1285.3,7022.9,4820.2,18174781.9,4721.1,40862.9,29816384.9,22428.5,1450910.5,1144.4,85139.1,1285.3,18638.5,8620.6,1726.7,1827.8
3/8/2019,1296.8,1154.3,144114.3,996.2,1742.6,1306.8,90945.9,8722.6,1296.8,7056.7,4863.1,18559734.4,4763.2,41188.0,30083951.6,22589.4,1473367.3,1154.3,86178.8,1296.8,18734.8,8722.6,1742.6,1842.1
3/11/2019,1292.8,1151.8,143773.2,987.1,1734.7,1307.1,90383.9,8694.7,1292.8,7040.9,4848.2,18473397.5,4748.5,41031.9,29989860.9,22519.7,1465719.7,1151.8,85347.3,1292.8,18570.4,8694.7,1734.7,1832.3
3/12/2019,1297.1,1150.4,144465.4,990.5,1735.6,1307.3,90431.9,8705.0,1297.1,7086.9,4864.3,18502415.5,4764.1,41032.2,30090906.9,22633.5,1465342.0,1150.4,85195.1,1297.1,18592.4,8705.0,1735.6,1831.7
3/13/2019,1307.0,1155.6,145372.0,988.1,1740.4,1313.1,90846.1,8768.6,1307.0,7145.6,4901.5,18643641.1,4800.6,41322.5,30320585.4,22742.6,1480251.3,1155.6,85585.6,1307.0,18832.4,8768.6,1740.4,1844.2
3/14/2019,1295.6,1146.1,144738.8,975.3,1725.1,1301.3,89953.3,8702.2,1295.6,7083.7,4858.8,18483609.1,4758.8,41120.7,30055459.9,22536.1,1470060.3,1146.1,84839.1,1295.6,18780.7,8702.2,1725.1,1834.9
3/15/2019,1303.5,1150.9,145438.0,981.8,1738.5,1307.2,90139.6,8749.7,1303.5,7117.8,4888.6,18586606.5,4788.0,41307.9,30239896.5,22680.9,1482405.4,1150.9,84830.1,1303.5,18776.9,8749.7,1738.5,1839.2
3/18/2019,1305.6,1151.6,145463.4,987.6,1742.0,1306.1,89518.4,8763.6,1305.6,7134.8,4896.5,18588477.9,4795.7,41367.9,30296444.6,22626.0,1478134.8,1151.6,84178.5,1305.6,18843.9,8763.6,1742.0,1839.0
3/19/2019,1307.7,1152.5,145664.7,986.0,1738.3,1307.9,90244.4,8781.3,1307.7,7165.0,4904.3,18608570.3,4803.4,41421.4,30350408.2,22610.1,1478550.8,1152.5,84192.2,1307.7,18879.9,8781.3,1738.3,1841.4
3/20/2019,1303.7,1148.4,145271.3,988.5,1737.6,1300.6,89752.6,8733.8,1303.7,7130.3,4889.3,18492983.8,4788.7,41376.2,30258875.9,22521.4,1473702.3,1148.4,83837.7,1303.7,18739.9,8733.8,1737.6,1839.4
3/21/2019,1309.6,1152.8,145175.7,1001.8,1750.9,1299.7,90158.7,8758.7,1309.6,7163.8,4911.3,18517741.9,4810.4,41478.3,30383371.4,22629.9,1476573.8,1152.8,83523.0,1309.6,18635.6,8758.7,1750.9,1842.0
3/22/2019,1311.3,1162.2,143947.9,991.9,1757.8,1303.3,90433.8,8793.6,1311.3,7486.2,4917.7,18574561.7,4816.6,41538.7,30424122.4,22626.5,1481965.4,1162.2,84882.1,1311.3,18989.3,8793.6,1757.8,1849.1
3/25/2019,1319.6,1165.4,145282.4,999.6,1770.6,1308.9,90951.6,8856.6,1319.6,7335.7,4948.6,18711216.2,4846.9,41681.3,30612895.7,22828.2,1496567.3,1165.4,84489.1,1319.6,18900.9,8856.6,1770.6,1855.0
3/26/2019,1316.3,1166.9,145444.5,996.2,1762.7,1308.3,90627.9,8836.2,1316.3,7209.9,4936.6,18651968.2,4835.0,41670.7,30536181.0,22772.0,1492025.8,1166.9,84733.5,1316.3,18992.6,8836.2,1762.7,1843.4
3/27/2019,1309.7,1164.0,144558.1,992.9,1759.5,1302.6,90215.4,8803.2,1309.7,7116.3,4911.8,18591190.8,4810.7,41625.5,30383074.3,22690.6,1485985.4,1164.0,85066.7,1309.7,19152.7,8803.2,1759.5,1852.5
3/28/2019,1295.2,1152.8,143185.3,989.7,1738.9,1288.9,89564.5,8715.1,1295.2,7150.7,4857.2,18445524.9,4757.3,41146.9,30048772.9,22432.0,1472391.0,1152.8,84182.3,1295.2,18938.3,8715.1,1738.9,1830.0
3/29/2019,1295.4,1153.7,143381.3,994.1,1730.6,1290.1,89738.8,8705.4,1295.4,7318.5,4858.2,18446494.6,4758.1,41109.5,30058459.3,22449.3,1470408.2,1153.7,85104.5,1295.4,18681.3,8705.4,1730.6,1823.6
4/1/2019,1293.5,1152.8,143837.2,984.0,1725.5,1290.3,89607.2,8680.3,1293.5,7105.4,4851.1,18400037.5,4751.1,41016.9,30011140.3,22416.3,1466505.6,1152.8,84604.6,1293.5,18306.3,8680.3,1725.5,1816.3
4/2/2019,1290.3,1153.0,143629.7,990.2,1722.4,1288.6,88688.7,8672.8,1290.3,7264.3,4839.1,18348063.2,4739.3,40986.4,29933020.0,22360.9,1466361.2,1153.0,84493.7,1290.3,18357.7,8672.8,1722.4,1826.2
4/3/2019,1290.5,1149.2,143872.3,980.7,1718.9,1286.4,88299.0,8656.6,1290.5,7254.3,4839.6,18350198.3,4740.1,40929.8,29938438.9,22363.5,1463821.7,1149.2,84163.1,1290.5,18268.0,8656.6,1718.9,1812.7
4/4/2019,1283.2,1144.0,143161.0,981.0,1713.2,1282.8,88755.5,8620.8,1283.2,7136.8,4812.5,18195065.6,4713.2,40775.3,29767794.6,22237.0,1458107.2,1144.0,84023.1,1283.2,18106.9,8620.8,1713.2,1804.1
4/5/2019,1288.5,1148.0,143984.3,990.3,1723.0,1288.8,89199.4,8656.5,1288.5,7232.7,4832.4,18199355.6,4732.7,41062.9,29892038.9,22303.1,1464258.9,1148.0,84106.8,1288.5,18117.2,8656.5,1723.0,1813.8
4/8/2019,1300.0,1154.4,144852.5,996.3,1732.2,1298.8,90577.5,8736.4,1300.0,7426.8,4875.7,18411900.0,4775.1,41431.0,30159350.0,22529.0,1487850.0,1154.4,84708.0,1300.0,18358.5,8736.4,1732.2,1825.5
4/9/2019,1303.0,1155.9,144795.9,998.7,1735.5,1303.4,90307.7,8746.4,1303.0,7413.2,4886.7,18415299.0,4786.2,41422.4,30227645.5,22581.0,1488286.5,1155.9,84494.7,1303.0,18282.7,8746.4,1735.5,1826.1
4/10/2019,1305.5,1160.3,144826.6,997.4,1740.3,1308.7,90221.3,8769.0,1305.5,7434.7,4895.9,18472116.8,4795.1,41467.6,30287091.6,22646.3,1486319.8,1160.3,84124.8,1305.5,18175.1,8769.0,1740.3,1827.5
4/11/2019,1298.8,1152.1,144790.2,992.6,1736.2,1302.3,89500.3,8723.7,1298.8,7461.1,4871.0,18358535.2,4770.7,41288.8,30127609.7,22495.2,1479917.4,1152.1,83688.2,1298.8,18163.7,8723.7,1736.2,1819.2
4/12/2019,1294.3,1144.0,144922.7,987.9,1724.9,1295.7,89531.6,8690.6,1294.3,7426.7,4854.1,18239920.0,4754.0,41113.4,30027108.3,22404.3,1474725.1,1144.0,83218.6,1294.3,18039.3,8690.6,1724.9,1803.2
4/15/2019,1285.7,1136.8,143999.2,980.3,1718.9,1289.9,89250.6,8621.6,1285.7,7476.6,4821.5,18076237.6,4722.4,40838.7,29826434.9,22280.3,1456834.1,1136.8,82719.5,1285.7,18022.4,8621.6,1718.9,1791.2
4/16/2019,1276.4,1129.5,142861.8,977.8,1705.2,1284.7,88840.3,8561.0,1276.4,7416.6,4786.6,17977387.7,4688.2,40543.3,29610678.4,22067.4,1449677.9,1129.5,81994.3,1276.4,17969.4,8561.0,1705.2,1779.0
4/17/2019,1275.9,1128.8,142895.2,977.7,1700.3,1287.3,88805.5,8531.2,1275.9,7325.6,4784.6,17970345.2,4686.3,40530.5,29597802.8,22008.4,1447770.6,1128.8,81556.3,1275.9,17825.2,8531.2,1700.3,1776.8
4/18/2019,1275.7,1134.6,142731.7,980.6,1705.7,1293.0,88463.4,8553.6,1275.7,7403.6,4783.9,17914016.6,4685.8,40602.3,29600703.8,21945.2,1450470.8,1134.6,81624.1,1275.7,17935.6,8553.6,1705.7,1783.8
4/19/2019,1275.7,1134.6,142731.7,980.6,1705.7,1293.0,88463.4,8553.6,1275.7,7403.6,4783.9,17914016.6,4685.8,40602.3,29600703.8,21945.2,1450470.8,1134.6,81624.1,1275.7,17935.6,8553.6,1705.7,1783.8
4/22/2019,1275.7,1133.5,142782.7,983.0,1704.7,1295.9,88871.6,8563.4,1275.7,7445.0,4784.1,17961855.3,4685.8,40653.4,29614098.7,21903.8,1456338.9,1133.5,81514.0,1275.7,18087.8,8563.4,1704.7,1788.3
4/23/2019,1269.5,1132.8,142038.0,981.2,1702.3,1296.6,88373.1,8530.0,1269.5,7420.4,4760.8,17871386.3,4662.9,40544.7,29470173.0,21819.5,1449641.9,1132.8,81006.8,1269.5,18180.8,8530.0,1702.3,1789.9
4/24/2019,1271.7,1135.2,142126.0,981.6,1714.7,1294.2,88843.8,8542.3,1271.7,7469.8,4768.9,17930263.6,4671.0,40686.4,29523260.0,21834.2,1463351.1,1135.2,81724.2,1271.7,18316.5,8542.3,1714.7,1807.2
4/25/2019,1280.8,1149.3,142745.1,992.3,1728.1,1306.9,89993.0,8635.4,1280.8,7596.7,4803.2,18168145.2,4704.6,41126.5,29790122.7,22004.1,1486432.0,1149.3,82867.0,1280.8,18483.5,8635.4,1728.1,1826.7
4/26/2019,1284.2,1150.5,143258.9,992.8,1729.8,1309.1,89913.3,8653.1,1284.2,7632.2,4815.9,18219586.8,4717.1,41059.1,29905806.4,22049.7,1490956.1,1150.5,83216.1,1284.2,18365.7,8653.1,1729.8,1823.8
4/29/2019,1279.5,1145.9,143067.3,990.1,1722.3,1304.8,89584.2,8616.9,1279.5,7606.1,4798.4,18172738.5,4699.7,40854.4,29796356.3,21975.4,1482364.5,1145.9,82545.3,1279.5,18297.7,8616.9,1722.3,1814.3
4/30/2019,1282.3,1144.2,142816.1,983.6,1725.0,1306.7,89188.8,8638.6,1282.3,7654.7,4809.0,18272772.2,4710.1,40937.4,29861556.7,22055.6,1497918.4,1144.2,82807.7,1282.3,18383.4,8638.6,1725.0,1821.8
5/1/2019,1283.8,1142.1,142726.4,981.3,1722.6,1302.9,89293.1,8648.7,1283.8,7638.7,4814.7,18294147.2,4715.6,40985.3,29896488.0,22042.8,1499670.6,1142.1,83161.3,1283.8,18451.4,8648.7,1722.6,1824.0
5/2/2019,1271.0,1136.5,141755.4,975.0,1709.9,1295.4,88151.5,8562.1,1271.0,7588.0,4766.4,18111036.8,4668.3,40695.8,29557847.5,21834.9,1481482.7,1136.5,83193.2,1271.0,18482.8,8562.1,1709.9,1815.3
5/3/2019,1278.6,1142.8,142232.3,974.6,1716.1,1301.2,88506.0,8613.3,1278.6,7635.9,4794.9,18228923.8,4696.3,40952.0,29729479.3,21959.1,1495839.3,1142.8,83216.0,1278.6,18379.2,8613.3,1716.1,1821.7
5/6/2019,1278.6,1142.1,141765.6,976.6,1720.3,1301.8,88730.6,8650.5,1278.6,7683.8,4794.9,18273673.1,4696.3,40952.0,29766557.3,21927.1,1495839.3,1142.1,83463.7,1278.6,18544.6,8650.5,1720.3,1827.4
5/7/2019,1281.2,1145.2,141438.1,981.8,1726.2,1309.5,88953.7,8661.3,1281.2,7888.3,4805.0,18295535.3,4706.0,40867.1,29893597.9,21979.0,1494263.3,1145.2,83511.8,1281.2,18516.5,8661.3,1726.2,1828.3
5/8/2019,1285.2,1147.3,141596.9,988.8,1730.6,1308.5,89594.5,8702.3,1285.2,7948.1,4819.9,18371933.3,4720.7,40869.3,30031909.9,22041.2,1502848.4,1147.3,83632.8,1285.2,18423.3,8702.3,1730.6,1833.8
5/9/2019,1286.1,1145.3,140911.5,987.8,1734.4,1303.7,89946.6,8773.3,1286.1,8027.6,4823.3,18455532.9,4724.0,40859.4,30094736.6,22050.2,1517404.7,1145.3,84239.5,1286.1,18561.6,8773.3,1734.4,1843.5
5/10/2019,1287.1,1144.7,141072.6,987.6,1728.9,1301.3,89963.4,8767.5,1287.1,7835.1,4827.1,18437705.4,4727.7,40659.5,30050563.8,22038.4,1514916.5,1144.7,84195.6,1287.1,18286.5,8767.5,1728.9,1839.9
5/13/2019,1295.6,1152.4,141388.8,997.7,1741.9,1303.7,91372.2,8903.5,1295.6,7871.2,4859.0,18682549.9,4758.9,41015.4,30217275.4,22128.8,1538654.2,1152.4,84746.9,1295.6,18538.4,8903.5,1741.9,1862.7
5/14/2019,1298.4,1158.1,142278.6,1005.2,1748.8,1309.4,91485.3,8940.3,1298.4,7783.6,4869.5,18735910.6,4769.2,40912.6,30356589.7,22131.2,1544186.8,1158.1,84459.3,1298.4,18471.4,8940.3,1748.8,1869.7
5/15/2019,1299.1,1159.2,142231.9,1009.8,1747.4,1310.2,91375.4,8927.7,1299.1,7807.3,4871.8,18784983.9,4771.8,41064.5,30282017.6,22169.1,1544174.9,1159.2,83907.3,1299.1,18460.2,8927.7,1747.4,1874.2
5/16/2019,1291.7,1155.5,142009.5,1009.8,1734.5,1304.1,90460.2,8889.6,1291.7,7794.6,4844.1,18665064.3,4744.5,40820.9,30067545.6,22042.8,1538995.8,1155.5,83289.6,1291.7,18377.7,8889.6,1734.5,1870.5
5/17/2019,1280.8,1147.7,140856.0,1005.8,1724.0,1295.5,89953.8,8854.8,1280.8,7746.9,4803.1,18507557.2,4704.4,40662.2,29884261.4,21837.6,1531260.0,1147.7,82895.0,1280.8,18446.7,8854.8,1724.0,1862.3
5/20/2019,1276.9,1143.6,140415.2,1002.6,1714.8,1287.8,89050.7,8828.5,1276.9,7666.7,4788.3,18456864.6,4689.9,40536.8,29905100.4,21732.0,1524814.0,1143.6,82328.1,1276.9,18338.8,8828.5,1714.8,1846.9
5/21/2019,1271.2,1136.8,140576.5,994.3,1704.9,1283.2,88630.2,8792.0,1271.2,7691.7,4767.1,18406250.6,4669.1,40571.9,29734102.9,21647.7,1517943.5,1136.8,81907.4,1271.2,18281.6,8792.0,1704.9,1846.7
5/22/2019,1273.8,1142.0,140525.6,1006.2,1707.9,1285.5,88742.4,8793.7,1273.8,7776.7,4777.1,18501942.2,4678.8,40685.2,29775070.4,21578.2,1519643.2,1142.0,81922.9,1273.8,18309.3,8793.7,1707.9,1852.7
5/23/2019,1283.7,1151.3,140854.9,1013.2,1729.2,1292.1,89884.4,8880.9,1283.7,7842.7,4813.9,18561577.6,4714.9,41067.2,30023287.6,21655.2,1526580.7,1151.3,83198.2,1283.7,18584.0,8880.9,1729.2,1863.7
5/24/2019,1282.5,1144.7,140234.9,1010.5,1726.4,1285.1,89175.4,8855.7,1282.5,7805.9,4809.3,18458381.3,4710.2,40847.6,30005370.0,21629.4,1524058.7,1144.7,82801.4,1282.5,18505.7,8855.7,1726.4,1854.5
5/27/2019,1282.5,1145.9,140478.6,1011.5,1724.4,1288.1,89149.8,8845.0,1282.5,7774.2,4809.6,18442350.0,4710.8,40825.2,29995110.0,21590.9,1518736.4,1145.9,82597.8,1282.5,18532.1,8845.0,1724.4,1854.4
5/28/2019,1278.3,1144.0,140005.8,1008.6,1722.3,1289.6,89078.3,8836.9,1278.3,7713.3,4793.8,18375559.7,4695.0,40717.0,29904545.6,21526.6,1516191.2,1144.0,82743.6,1278.3,18838.9,8836.9,1722.3,1844.7
5/29/2019,1281.7,1150.2,140167.6,1014.7,1733.7,1291.5,89497.6,8856.1,1281.7,7724.5,4806.6,18455758.6,4707.7,40772.5,29999579.3,21570.2,1530482.1,1150.2,83701.3,1281.7,18920.4,8856.1,1733.7,1854.8
5/30/2019,1281.0,1151.3,140693.1,1017.3,1730.5,1291.9,89503.2,8844.7,1281.0,7550.6,4803.7,18445679.3,4705.1,40731.0,30002409.8,21494.3,1522921.3,1151.3,83357.8,1281.0,18815.6,8844.7,1730.5,1856.1
5/31/2019,1295.6,1162.6,140664.3,1027.9,1751.5,1303.1,90288.5,8943.2,1295.6,7560.4,4858.8,18490734.6,4758.7,41000.9,30336594.2,21687.5,1542870.1,1162.6,84393.7,1295.6,18860.0,8943.2,1751.5,1869.9
6/3/2019,1317.1,1175.8,142747.3,1042.8,1775.0,1315.9,91230.6,9100.6,1317.1,7699.8,4939.3,18798307.7,4837.7,41682.9,30812892.5,22061.4,1556877.6,1175.8,86090.6,1317.1,19061.7,9100.6,1775.0,1893.6
6/4/2019,1324.3,1178.9,143436.1,1044.9,1778.4,1317.0,91710.9,9153.9,1324.3,7624.4,4966.1,18900358.1,4864.2,41492.1,30994071.3,22194.4,1566190.4,1178.9,86344.4,1324.3,19480.6,9153.9,1778.4,1897.6
6/5/2019,1335.1,1185.5,144192.0,1048.7,1789.0,1321.1,92458.9,9223.6,1335.1,7629.5,5006.6,19054498.3,4903.8,41850.5,31257521.1,22402.1,1573422.7,1185.5,87080.3,1335.1,19893.9,9223.6,1789.0,1911.2
6/6/2019,1335.5,1183.7,144481.1,1050.5,1787.5,1321.1,92535.1,9236.9,1335.5,7708.8,5008.3,19060923.8,4905.4,41847.9,31254706.5,22409.7,1573953.3,1183.7,86992.8,1335.5,20025.8,9236.9,1787.5,1913.2
6/7/2019,1340.7,1182.5,144823.7,1050.9,1780.9,1323.4,93128.2,9272.5,1340.7,7767.7,5027.9,19134425.7,4924.4,42056.2,31365845.1,22455.9,1583508.5,1182.5,86875.8,1340.7,19994.1,9272.5,1780.9,1911.5
6/10/2019,1328.6,1174.2,144166.4,1047.0,1762.9,1315.3,92543.6,9210.8,1328.6,7668.4,4982.8,18932547.9,4880.2,41638.3,31065986.1,22254.1,1574523.5,1174.2,85956.3,1328.6,19636.7,9210.8,1762.9,1906.9
6/11/2019,1324.3,1170.5,143785.9,1041.2,1758.9,1314.3,91969.3,9155.8,1324.3,7717.0,4967.1,18851407.7,4864.4,41444.0,30909157.4,22182.0,1563401.9,1170.5,85457.9,1324.3,19457.3,9155.8,1758.9,1904.0
6/12/2019,1332.4,1176.9,144513.3,1047.1,1769.1,1324.2,92398.5,9215.7,1332.4,7710.5,4997.4,18966000.2,4893.9,41622.6,31080391.2,22290.2,1575703.4,1176.9,86204.7,1332.4,19737.1,9215.7,1769.1,1917.5
6/13/2019,1335.9,1185.1,144958.5,1053.2,1779.9,1328.8,92858.4,9247.6,1335.9,7843.4,5010.2,19076650.6,4907.0,41723.5,31145838.3,22389.7,1580436.1,1185.1,86270.7,1335.9,19884.9,9247.6,1779.9,1932.9
6/14/2019,1351.3,1203.8,146509.3,1071.7,1806.4,1348.9,94315.5,9355.5,1351.3,7945.0,5067.7,19360034.4,4963.3,42086.4,31521284.4,22646.9,1601569.1,1203.8,86893.9,1351.3,19954.6,9355.5,1806.4,1964.3
6/17/2019,1341.3,1194.8,145765.7,1068.2,1797.3,1340.6,93760.2,9288.5,1341.3,7870.5,5030.8,19227532.7,4926.8,42006.1,31320691.7,22507.0,1591452.2,1194.8,86134.9,1341.3,19873.0,9288.5,1797.3,1957.1
6/18/2019,1341.4,1199.2,145549.9,1069.5,1797.7,1342.4,93498.8,9290.7,1341.4,7839.5,5030.3,19208129.9,4927.0,42064.7,31301740.2,22507.9,1590572.4,1199.2,85829.6,1341.4,19463.0,9290.7,1797.7,1953.2
6/19/2019,1344.1,1198.4,145701.7,1064.1,1795.7,1337.9,93662.7,9279.2,1344.1,7843.5,5040.4,19178918.7,4936.9,41981.4,31338537.3,22499.4,1580736.8,1198.4,85913.4,1344.1,19519.8,9279.2,1795.7,1956.7
6/20/2019,1379.5,1221.8,148351.4,1086.2,1822.9,1354.8,95802.8,9450.3,1379.5,7970.8,5173.3,19564758.8,5067.1,42626.5,32142350.0,23037.7,1603323.9,1221.8,86943.0,1379.5,19738.9,9450.3,1822.9,1993.6
6/21/2019,1397.2,1234.2,150473.0,1100.5,1846.7,1371.2,97196.2,9604.4,1397.2,8121.5,5240.1,19776656.9,5131.9,43102.1,32543114.1,23318.4,1626282.5,1234.2,88338.3,1397.2,19992.4,9604.4,1846.7,2020.0
6/24/2019,1405.7,1234.2,150930.0,1104.7,1856.3,1366.3,97483.5,9669.7,1405.7,8153.8,5272.0,19876597.3,5163.4,43225.3,32740157.6,23461.1,1625692.0,1234.2,88383.4,1405.7,20185.9,9669.7,1856.3,2021.0
6/25/2019,1431.4,1257.6,153095.4,1125.2,1886.3,1392.4,99271.2,9848.6,1431.4,8247.0,5368.6,20218523.6,5257.8,44008.4,33347323.5,23866.1,1655127.4,1257.6,89961.7,1431.4,20469.0,9848.6,1886.3,2053.8
6/26/2019,1404.0,1234.1,151121.2,1107.4,1844.9,1369.3,97091.9,9666.9,1404.0,8117.6,5265.5,19900990.6,5156.9,43153.9,32726073.4,23446.0,1624019.1,1234.1,88449.8,1404.0,20034.4,9666.9,1844.9,2010.7
6/27/2019,1402.5,1233.7,151154.4,1106.4,1839.5,1370.9,96874.2,9645.0,1402.5,8094.2,5259.9,19831350.0,5151.6,43154.9,32699287.5,23400.7,1624375.4,1233.7,88485.5,1402.5,19840.1,9645.0,1839.5,2002.6
6/28/2019,1409.0,1237.3,151805.7,1107.1,1841.2,1373.8,97259.7,9677.4,1409.0,8149.7,5284.1,19905647.5,5175.5,43210.5,32836745.0,23523.2,1626901.7,1237.3,88872.7,1409.0,19868.7,9677.4,1841.2,2007.8
7/1/2019,1390.1,1227.5,150582.6,1098.8,1821.4,1368.6,95852.6,9515.1,1390.1,7841.6,5213.4,19617784.2,5106.0,42550.9,32335807.7,23200.8,1610430.7,1227.5,87362.6,1390.1,19562.2,9515.1,1821.4,1995.4
7/2/2019,1391.1,1231.6,150400.3,1104.6,1824.9,1373.7,95909.4,9573.5,1391.1,7837.2,5216.6,19665966.6,5109.5,42677.4,32327997.5,23147.1,1621964.1,1231.6,88088.2,1391.1,19604.3,9573.5,1824.9,1988.6
7/3/2019,1413.5,1252.9,152332.9,1125.1,1849.2,1393.8,97395.5,9730.5,1413.5,7967.2,5301.2,19955086.3,5192.0,43193.0,32863875.0,23492.4,1655561.9,1252.9,89764.3,1413.5,19903.9,9730.5,1849.2,2010.2
7/4/2019,1414.9,1254.1,152547.4,1125.3,1847.2,1394.5,96927.7,9720.6,1414.9,7918.5,5306.3,20006684.6,5197.1,43363.1,32892178.0,23473.2,1653451.8,1254.1,89780.7,1414.9,19852.8,9720.6,1847.2,2015.8
7/5/2019,1388.7,1237.4,150619.9,1110.2,1820.0,1377.1,95008.0,9551.1,1388.7,7814.3,5207.8,19555662.3,5100.7,42558.6,32268752.1,23093.2,1625275.7,1237.4,88588.9,1388.7,19708.4,9551.1,1820.0,1992.0
7/8/2019,1400.1,1248.4,152155.8,1118.8,1833.2,1391.0,96132.7,9631.7,1400.1,8019.8,5251.1,19755408.9,5142.8,43096.8,32547421.2,23255.6,1655127.9,1248.4,89014.9,1400.1,19807.1,9631.7,1833.2,2008.5
7/9/2019,1391.6,1241.7,151351.9,1116.3,1827.2,1382.6,95396.9,9580.3,1391.6,7962.5,5218.8,19662598.7,5111.4,42898.0,32327093.5,23120.6,1642793.9,1241.7,88834.8,1391.6,19725.2,9580.3,1827.2,2008.9
7/10/2019,1408.3,1251.7,152870.9,1127.1,1847.1,1394.5,96577.7,9690.0,1408.3,8041.4,5282.0,19899276.2,5172.9,43396.7,32693680.0,23416.5,1663835.7,1251.7,89124.2,1408.3,19816.5,9690.0,1847.1,2025.0
7/11/2019,1413.8,1256.3,153158.6,1127.6,1850.3,1398.3,96798.6,9707.7,1413.8,8020.9,5302.9,19884393.8,5192.9,43253.7,32802534.4,23461.2,1659106.0,1256.3,88925.8,1413.8,19711.2,9707.7,1850.3,2026.0
7/12/2019,1407.6,1250.9,152041.9,1120.6,1836.5,1386.8,96681.0,9681.9,1407.6,8102.1,5279.2,19716251.2,5170.3,43491.3,32655612.8,23394.3,1659982.2,1250.9,88904.1,1407.6,19753.9,9681.9,1836.5,2009.3
7/15/2019,1412.4,1254.1,152503.9,1128.8,1842.5,1390.9,96816.5,9711.2,1412.4,8062.3,5297.2,19659900.4,5188.0,43593.7,32769796.3,23459.9,1665572.6,1254.1,88523.9,1412.4,19632.4,9711.2,1842.5,2009.4
7/16/2019,1409.9,1256.2,152644.4,1135.3,1837.2,1392.2,96872.5,9695.4,1409.9,8052.0,5288.1,19646257.7,5178.6,43515.0,32709926.5,23421.1,1660168.4,1256.2,88550.9,1409.9,19614.5,9695.4,1837.2,2005.6
7/17/2019,1410.4,1256.4,152444.7,1134.6,1841.6,1393.3,97067.3,9702.9,1410.4,8022.4,5289.8,19716691.0,5180.4,43604.5,32723642.5,23447.1,1666046.0,1256.4,88675.8,1410.4,19711.4,9702.9,1841.6,2012.9
7/18/2019,1417.5,1263.5,152850.7,1135.4,1855.6,1399.2,97747.3,9744.4,1417.5,8061.8,5316.2,19787601.3,5206.5,43770.8,32912479.1,23593.4,1670889.7,1263.5,89391.5,1417.5,19704.3,9744.4,1855.6,2013.3
7/19/2019,1439.7,1282.9,155113.3,1151.4,1882.7,1414.2,99061.3,9900.1,1439.7,8132.9,5399.7,20062218.8,5288.2,44317.5,33468704.8,23927.8,1690927.6,1282.9,90679.5,1439.7,20028.0,9900.1,1882.7,2042.9
7/22/2019,1427.8,1272.2,153975.7,1142.5,1871.6,1399.9,98400.5,9823.5,1427.8,8120.3,5355.1,19909973.8,5244.3,44038.9,33140933.0,23736.3,1682389.0,1272.2,90016.1,1427.8,19770.8,9823.5,1871.6,2026.2
7/23/2019,1425.6,1278.5,154130.4,1146.2,1873.2,1404.2,98284.6,9806.9,1425.6,8114.9,5346.5,19934888.5,5236.0,44067.3,33087011.0,23692.6,1680865.6,1278.5,90262.2,1425.6,19791.1,9806.9,1873.2,2035.2
7/24/2019,1427.0,1280.6,154203.3,1141.6,1873.7,1405.9,98436.4,9810.0,1427.0,8140.8,5352.1,19969451.1,5241.4,44082.0,33133064.4,23701.6,1680732.8,1280.6,89969.2,1427.0,19804.3,9810.0,1873.7,2044.5
7/25/2019,1416.1,1269.1,153717.6,1133.3,1859.7,1401.7,97769.4,9736.0,1416.1,8045.9,5310.9,19793535.7,5201.6,43757.5,32867677.6,23478.9,1673192.5,1269.1,89297.5,1416.1,19867.9,9736.0,1859.7,2033.8
7/26/2019,1420.4,1276.6,154333.6,1146.7,1872.6,1411.0,97862.0,9772.2,1420.4,8015.3,5327.2,19892700.6,5217.3,43908.1,32966771.5,23564.4,1682960.6,1276.6,90066.7,1420.4,20251.4,9772.2,1872.6,2055.4
7/29/2019,1419.1,1274.8,154428.1,1160.4,1868.9,1408.6,97538.4,9780.8,1419.1,7961.9,5322.2,19895078.3,5212.4,43866.4,32938984.1,23485.3,1679445.4,1274.8,90162.9,1419.1,20163.9,9780.8,1868.9,2057.3
7/30/2019,1425.9,1280.0,154916.9,1173.3,1878.9,1413.6,98169.6,9816.5,1425.9,7932.0,5347.9,19991116.6,5237.5,43942.7,33088007.2,23602.2,1685128.2,1280.0,90573.2,1425.9,20221.0,9816.5,1878.9,2074.2
7/31/2019,1427.6,1282.2,154996.2,1165.9,1874.6,1413.3,98194.0,9829.4,1427.6,7939.7,5354.1,20009965.6,5243.6,43904.3,33165550.8,23654.5,1688934.0,1282.2,90545.9,1427.6,20233.7,9829.4,1874.6,2071.2
8/1/2019,1406.8,1272.1,152194.6,1157.9,1858.1,1398.7,97151.8,9709.7,1406.8,7857.8,5277.2,19858386.0,5167.4,43424.4,32641272.5,23238.6,1672051.6,1272.1,90003.5,1406.8,20449.6,9709.7,1858.1,2053.7
8/2/2019,1441.8,1298.6,153640.1,1189.7,1908.4,1417.5,100327.8,10007.6,1441.8,8043.9,5408.4,20444015.0,5295.4,44427.5,33493294.3,23904.2,1727144.3,1298.6,94279.6,1441.8,21269.4,10007.6,1908.4,2121.6
8/5/2019,1465.3,1310.0,155411.7,1207.0,1935.8,1426.6,103613.3,10308.8,1465.3,8144.2,5496.5,20887138.8,5382.1,45116.9,34094902.3,24268.2,1780571.7,1310.0,95528.8,1465.3,21846.9,10308.8,1935.8,2162.6
8/6/2019,1465.3,1309.8,155880.6,1204.1,1937.7,1433.2,103776.3,10305.0,1465.3,8102.0,5496.2,20901791.3,5382.1,45082.1,34085378.1,24235.2,1780718.0,1309.8,95655.2,1465.3,21887.2,10305.0,1937.7,2162.9
8/7/2019,1506.1,1342.8,159294.9,1239.2,2004.5,1465.8,106728.1,10604.7,1506.1,8258.4,5649.3,21419793.4,5532.0,46401.4,34964452.3,24955.2,1829699.8,1342.8,98606.8,1506.1,22722.5,10604.7,2004.5,2228.9
8/8/2019,1495.8,1335.4,158871.1,1232.7,1986.1,1462.1,105742.1,10537.6,1495.8,8164.6,5610.9,21251616.0,5494.1,46009.3,34716357.5,24799.9,1808660.8,1335.4,97549.1,1495.8,22535.3,10537.6,1986.1,2200.1
8/9/2019,1497.7,1337.1,158239.5,1239.9,1983.1,1458.6,105997.8,10562.2,1497.7,8242.2,5618.2,21252362.3,5501.1,46020.6,34754127.4,24809.4,1812441.5,1337.1,98007.6,1497.7,22838.1,10562.2,1983.1,2202.0
8/12/2019,1504.7,1341.2,158452.4,1245.2,1991.6,1459.6,106493.3,10635.1,1504.7,8361.1,5644.1,21442726.7,5527.0,46235.7,34906781.8,24957.3,1829940.7,1341.2,98699.9,1504.7,23095.3,10635.1,1991.6,2226.1
8/13/2019,1498.4,1339.3,159781.9,1241.3,1982.6,1459.4,106955.8,10589.0,1498.4,8376.1,5620.5,21453340.6,5503.9,46255.6,34772617.3,24852.8,1831344.3,1339.3,97600.1,1498.4,22730.7,10589.0,1982.6,2206.6
8/14/2019,1513.3,1357.2,160109.4,1253.7,2013.2,1471.4,107862.6,10617.4,1513.3,8504.3,5676.5,21556246.3,5558.4,46627.0,35114966.3,25082.1,1835042.5,1357.2,99817.7,1513.3,23324.9,10617.4,2013.2,2241.7
8/15/2019,1515.7,1364.4,160878.6,1251.3,2020.5,1479.1,108033.6,10655.2,1515.7,8448.2,5684.9,21624535.0,5567.1,46780.5,35176718.6,25099.2,1837952.7,1364.4,100421.3,1515.7,23138.3,10655.2,2020.5,2237.1
8/16/2019,1515.3,1364.5,161199.9,1247.8,2016.0,1484.0,107817.6,10674.3,1515.3,8439.9,5683.7,21569583.8,5565.4,46825.0,35171983.0,25122.8,1834740.2,1364.5,100662.8,1515.3,23081.0,10674.3,2016.0,2236.0
8/19/2019,1496.6,1348.8,159380.4,1233.3,1988.4,1467.7,106890.0,10542.8,1496.6,8470.8,5613.0,21304098.9,5497.2,46158.9,34730096.2,24873.5,1812906.0,1348.8,100008.5,1496.6,23064.5,10542.8,1988.4,2209.5
8/20/2019,1504.6,1356.8,159956.2,1240.2,2003.9,1473.3,107885.6,10627.2,1504.6,8618.8,5642.8,21454880.2,5526.4,46328.8,34910069.1,24975.5,1817496.2,1356.8,100292.4,1504.6,23076.0,10627.2,2003.9,2218.1
8/21/2019,1503.3,1355.1,160051.0,1239.2,1996.8,1474.7,107559.4,10617.8,1503.3,8615.9,5637.8,21406280.0,5521.7,46266.3,34877654.9,24953.9,1807582.9,1355.1,99069.8,1503.3,22913.3,10617.8,1996.8,2214.4
8/22/2019,1502.1,1355.6,159915.7,1226.0,1998.0,1477.9,107866.0,10644.1,1502.1,8657.7,5633.2,21381679.0,5517.3,46251.9,34853563.7,24905.8,1813725.1,1355.6,98734.5,1502.1,22887.5,10644.1,1998.0,2220.7
8/23/2019,1503.8,1353.7,159335.1,1225.1,1997.6,1475.4,107766.0,10650.7,1503.8,8647.2,5639.6,21372754.7,5523.4,46189.2,34886651.7,24918.0,1820575.1,1353.7,98721.7,1503.8,22729.9,10650.7,1997.6,2219.8
8/26/2019,1503.8,1353.1,159365.2,1230.4,1998.5,1470.9,108299.9,10740.9,1503.8,8730.9,5639.7,21414109.2,5523.7,46031.3,34886651.7,24827.7,1831477.6,1353.1,99356.0,1503.8,22904.8,10740.9,1998.5,2219.5
8/27/2019,1533.0,1380.9,162362.4,1248.8,2033.2,1504.9,109586.7,10986.7,1533.0,8942.5,5749.0,21852201.6,5630.8,46862.3,35560606.5,25378.0,1856785.6,1380.9,101950.7,1533.0,23498.2,10986.7,2033.2,2266.8
8/28/2019,1537.2,1387.9,162791.9,1257.9,2044.3,1508.6,110327.0,11011.4,1537.2,8935.7,5764.8,21912071.9,5646.2,47071.4,35673406.4,25455.2,1866100.0,1387.9,102506.8,1537.2,23639.4,11011.4,2044.3,2280.1
8/29/2019,1540.2,1391.8,163946.6,1262.1,2048.6,1516.6,110544.0,11014.7,1540.2,8994.0,5776.2,21932447.3,5657.4,47122.4,35725708.0,25498.0,1873422.0,1391.8,102714.0,1540.2,23593.0,11014.7,2048.6,2288.4
8/30/2019,1528.4,1387.9,162232.0,1255.0,2030.9,1512.3,109139.2,10920.9,1528.4,8904.8,5732.6,21680352.6,5614.0,46727.0,35437480.1,25295.0,1851274.4,1387.9,101808.6,1528.4,23206.8,10920.9,2030.9,2268.5
9/2/2019,1526.0,1391.3,162155.1,1265.0,2031.8,1512.5,108964.3,10943.5,1526.0,8865.8,5723.1,21659333.6,5605.0,46743.7,35380675.6,25292.6,1847543.9,1391.3,101700.7,1526.0,23173.5,10943.5,2031.8,2268.4
9/3/2019,1537.9,1402.8,162835.2,1271.6,2051.3,1518.6,111325.0,11039.5,1537.9,8832.5,5767.9,21875914.2,5648.8,47158.2,35676578.8,25466.8,1869564.0,1402.8,103037.8,1537.9,23263.8,11039.5,2051.3,2276.4
9/4/2019,1546.1,1401.8,164188.1,1268.0,2053.3,1517.3,111510.5,11060.5,1546.1,8764.8,5799.0,21881178.2,5679.1,47299.1,35868743.6,25541.6,1867920.4,1401.8,102241.6,1546.1,22903.5,11060.5,2053.3,2276.9
9/5/2019,1529.1,1384.6,163690.1,1240.7,2024.5,1508.1,109842.9,10926.8,1529.1,8704.8,5736.3,21636762.9,5616.6,46717.8,35472823.0,25199.6,1835225.6,1384.6,100901.5,1529.1,22707.1,10926.8,2024.5,2244.2
9/6/2019,1523.7,1379.2,162693.1,1237.4,2007.9,1503.1,109272.1,10855.3,1523.7,8718.3,5714.9,21476550.8,5596.7,46728.1,35348315.2,25110.6,1823792.6,1379.2,100160.4,1523.7,22468.9,10855.3,2007.9,2222.3
9/9/2019,1509.2,1364.9,161725.9,1222.7,1985.9,1494.6,108213.4,10758.5,1509.2,8690.2,5660.6,21175584.5,5543.5,46245.6,35014948.1,24833.9,1800475.5,1364.9,98873.4,1509.2,22233.4,10758.5,1985.9,2196.0
9/10/2019,1498.3,1357.0,160739.7,1212.8,1970.4,1482.4,107428.3,10644.8,1498.3,8667.4,5620.9,21050412.5,5503.3,45876.4,34758650.9,24646.2,1787936.4,1357.0,98048.3,1498.3,21990.6,10644.8,1970.4,2183.9
9/11/2019,1490.7,1355.5,160610.1,1207.5,1963.1,1481.3,106816.2,10609.9,1490.7,8574.2,5591.1,20958537.6,5475.4,45584.1,34583077.7,24476.5,1775289.4,1355.5,97516.5,1490.7,21968.5,10609.9,1963.1,2173.8
9/12/2019,1515.2,1373.7,163467.3,1228.7,1999.5,1501.9,107787.5,10740.0,1515.2,8584.7,5684.5,21197647.3,5565.6,46145.4,35164002.9,24864.4,1804527.3,1373.7,98313.7,1515.2,22123.8,10740.0,1999.5,2203.8
9/13/2019,1503.1,1356.1,162432.5,1206.4,1990.6,1484.4,106611.1,10654.3,1503.1,8526.7,5638.0,20990789.5,5521.1,45761.9,34883189.9,24680.9,1790116.7,1356.1,96529.1,1503.1,21813.7,10654.3,1990.6,2183.0
9/16/2019,1497.2,1361.4,161720.1,1205.5,1984.8,1486.9,107195.8,10576.2,1497.2,8548.3,5616.2,21020687.3,5499.4,45679.6,34763485.7,24464.2,1771262.1,1361.4,95731.0,1497.2,21846.0,10576.2,1984.8,2182.0
9/17/2019,1502.1,1359.4,162534.7,1203.3,1992.9,1493.6,107820.7,10655.3,1502.1,8551.1,5634.4,21172097.4,5517.4,45907.9,34888522.3,24604.4,1788475.0,1359.4,96651.7,1502.1,22114.7,10655.3,1992.9,2190.5
9/18/2019,1503.5,1359.5,162716.3,1204.4,1994.4,1496.6,107112.2,10656.7,1503.5,8522.8,5639.8,21139210.0,5522.6,45905.6,34898490.3,24537.1,1791269.8,1359.5,96487.2,1503.5,22007.5,10656.7,1994.4,2197.6
9/19/2019,1500.7,1357.3,162143.1,1201.6,1991.7,1490.0,107037.4,10653.0,1500.7,8560.0,5629.0,21099841.3,5512.3,45812.6,34834247.3,24446.4,1791160.1,1357.3,95847.8,1500.7,22034.0,10653.0,1991.7,2206.8
9/20/2019,1501.9,1363.9,162040.0,1201.2,1992.8,1490.7,106563.6,10648.6,1501.9,8629.8,5633.5,21109203.1,5516.7,45744.1,34851587.2,24496.0,1784331.9,1363.9,96050.3,1501.9,22421.5,10648.6,1992.8,2217.0
9/23/2019,1522.1,1384.3,163412.6,1224.6,2021.0,1506.0,107971.1,10846.5,1522.1,8720.3,5709.8,21438776.4,5590.9,46420.2,35317282.9,24810.2,1817387.2,1384.3,97334.5,1522.1,22591.8,10846.5,2021.0,2247.1
9/24/2019,1520.7,1382.8,163340.6,1218.8,2016.6,1502.6,108009.9,10807.7,1520.7,8665.7,5703.8,21460171.8,5585.4,46467.3,35286681.0,24771.4,1818317.1,1382.8,97104.0,1520.7,22678.7,10807.7,2016.6,2238.4
9/25/2019,1528.8,1395.1,164676.9,1235.0,2029.5,1512.0,108598.6,10890.5,1528.8,8689.0,5734.3,21631812.5,5615.3,46695.7,35471586.3,24964.5,1832818.2,1395.1,98355.9,1528.8,22932.2,10890.5,2029.5,2264.0
9/26/2019,1506.4,1376.8,162201.6,1221.2,1997.9,1495.1,106779.3,10744.6,1506.4,8543.9,5650.7,21356984.6,5533.2,46148.6,34949984.1,24584.4,1805947.3,1376.8,96961.3,1506.4,22636.5,10744.6,1997.9,2228.6
9/27/2019,1489.9,1361.0,161140.1,1210.1,1971.7,1477.8,105132.9,10608.5,1489.9,8430.2,5588.8,21104432.1,5472.6,45654.2,34567912.6,24300.3,1787805.3,1361.0,95834.1,1489.9,22491.0,10608.5,1971.7,2199.6
9/30/2019,1485.3,1362.4,160523.8,1205.3,1966.5,1481.1,105261.4,10602.7,1485.3,8386.7,5571.7,21083830.7,5455.7,45427.9,34460440.8,24160.2,1776641.2,1362.4,96370.0,1485.3,22520.9,10602.7,1966.5,2202.2
10/1/2019,1473.5,1349.6,158918.9,1205.5,1952.5,1468.1,104714.4,10518.1,1473.5,8420.8,5527.2,20941407.4,5412.2,45172.3,34186249.0,24009.9,1766739.9,1349.6,96249.4,1473.5,22602.7,10518.1,1952.5,2201.6
10/2/2019,1492.6,1363.7,160230.6,1213.1,1984.4,1490.6,106122.0,10654.8,1492.6,8507.5,5598.7,21187454.9,5482.5,45766.8,34629809.2,24329.4,1799851.3,1363.7,97306.3,1492.6,22771.5,10654.8,1984.4,2228.8
10/3/2019,1517.1,1381.1,161859.4,1223.0,2021.1,1512.4,107518.8,10829.7,1517.1,8640.6,5690.6,21501097.7,5572.5,46373.9,35198992.3,24745.8,1829394.6,1381.1,98996.4,1517.1,22993.5,10829.7,2021.1,2249.4
10/4/2019,1499.2,1365.4,160236.6,1219.3,1996.2,1492.0,106257.9,10701.5,1499.2,8532.8,5623.3,21190483.9,5506.6,45634.1,34781776.9,24451.1,1794032.6,1365.4,96818.8,1499.2,22563.2,10701.5,1996.2,2217.5
10/7/2019,1501.3,1365.4,160551.2,1218.5,1997.4,1491.5,106625.4,10716.5,1501.3,8697.0,5630.9,21261453.1,5514.3,45735.6,34830501.3,24485.4,1796320.4,1365.4,97350.4,1501.3,22730.8,10716.5,1997.4,2224.6
10/8/2019,1505.9,1374.4,161269.0,1232.8,2006.5,1495.5,106952.1,10736.4,1505.9,8770.3,5647.8,21315304.7,5531.2,45781.6,34936469.5,24575.5,1796780.0,1374.4,98217.2,1505.9,22982.1,10736.4,2006.5,2235.7
10/9/2019,1507.3,1372.7,161856.0,1233.8,2009.2,1500.0,107120.3,10752.3,1507.3,8854.3,5653.1,21357732.5,5536.4,45718.6,35007388.5,24553.1,1798450.6,1372.7,97901.6,1507.3,22915.0,10752.3,2009.2,2240.1
10/10/2019,1494.8,1357.2,161363.6,1217.0,1986.1,1488.8,106235.4,10650.8,1494.8,8746.1,5606.6,21153659.4,5490.6,45434.4,34680850.3,24320.4,1788004.6,1357.2,96502.4,1494.8,22539.7,10650.8,1986.1,2212.4
10/11/2019,1479.2,1340.3,160613.5,1166.1,1952.0,1476.7,105058.5,10503.3,1479.2,8697.4,5547.9,20907783.9,5433.1,44951.4,34317756.9,24080.6,1758413.1,1340.3,94810.8,1479.2,21902.5,10503.3,1952.0,2176.7
10/14/2019,1490.6,1352.0,161603.4,1184.7,1971.3,1485.2,106143.7,10533.9,1490.6,8848.2,5590.9,21075591.3,5475.2,45299.3,34583407.2,24222.3,1766509.7,1352.0,95861.4,1490.6,22060.9,10533.9,1971.3,2202.9
10/15/2019,1487.8,1348.0,161880.1,1164.4,1965.4,1485.6,106433.5,10531.8,1487.8,8766.5,5581.5,21074684.2,5464.9,45188.2,34519187.2,24147.0,1763265.8,1348.0,95546.5,1487.8,22086.4,10531.8,1965.4,2199.4
10/16/2019,1485.1,1343.9,161616.0,1159.8,1960.6,1480.6,106099.2,10547.9,1485.1,8730.2,5570.3,21042379.8,5455.0,45147.0,34458771.9,24088.3,1763927.4,1343.9,95269.2,1485.1,22223.8,10547.9,1960.6,2201.6
10/17/2019,1492.7,1342.8,162176.4,1162.4,1961.1,1474.1,106243.1,10573.3,1492.7,8750.1,5598.6,21118010.8,5482.7,45268.3,34639926.3,24240.6,1771700.7,1342.8,95455.0,1492.7,22107.3,10573.3,1961.1,2189.1
10/18/2019,1490.0,1337.6,161687.4,1155.0,1956.7,1470.1,106011.6,10552.9,1490.0,8623.4,5588.7,21079775.0,5473.0,45154.4,34573960.0,24216.2,1760435.0,1337.6,95389.8,1490.0,22049.8,10552.9,1956.7,2175.3
10/21/2019,1491.7,1338.2,161918.6,1148.8,1954.3,1471.6,106169.1,10543.9,1491.7,8724.3,5595.1,20999447.3,5479.1,45129.9,34617465.1,24164.7,1748213.7,1338.2,95100.1,1491.7,22027.2,10543.9,1954.3,2173.6
10/22/2019,1485.4,1334.4,161249.6,1150.8,1944.4,1468.5,105378.1,10518.8,1485.4,8659.6,5571.1,20854311.9,5455.9,45011.7,34463830.0,24047.8,1737785.0,1334.4,94505.4,1485.4,21718.0,10518.8,1944.4,2164.4
10/23/2019,1494.5,1344.4,162327.2,1160.1,1957.1,1480.0,105979.9,10572.2,1494.5,8603.9,5605.2,20965638.4,5489.3,45287.4,34680952.8,24172.7,1752093.0,1344.4,95473.9,1494.5,21864.9,10572.2,1957.1,2183.4
10/24/2019,1496.6,1347.7,162398.1,1164.8,1958.1,1484.0,106300.9,10581.1,1496.6,8625.4,5612.8,21039993.7,5496.7,45323.0,34725941.7,24123.6,1755752.2,1347.7,95883.9,1496.6,21912.5,10581.1,1958.1,2193.2
10/25/2019,1513.5,1364.6,164322.8,1179.1,1977.3,1503.5,107303.6,10701.5,1513.5,8723.5,5676.2,21245053.7,5558.8,45660.8,35112795.6,24423.3,1775276.8,1364.6,96490.0,1513.5,22083.1,10701.5,1977.3,2216.1
10/28/2019,1492.4,1345.4,162686.5,1160.8,1949.8,1486.6,105811.1,10538.3,1492.4,8536.5,5597.1,20930908.6,5481.4,45070.5,34626662.5,24132.1,1747152.5,1345.4,95080.8,1492.4,21721.1,10538.3,1949.8,2182.4
10/29/2019,1486.8,1337.6,161810.4,1152.5,1944.5,1477.4,105325.1,10502.4,1486.8,8522.1,5575.9,20851668.8,5460.6,44903.6,34497060.3,23992.4,1729238.7,1337.6,94932.7,1486.8,21675.3,10502.4,1944.5,2166.5
10/30/2019,1492.1,1341.5,162459.8,1159.3,1966.5,1478.6,105791.7,10532.0,1492.1,8513.6,5595.8,20929684.7,5480.2,45113.6,34618208.7,24104.9,1742921.6,1341.5,95546.6,1492.1,22352.0,10532.0,1966.5,2171.1
10/31/2019,1511.0,1354.3,163341.2,1167.7,1985.9,1490.9,107169.8,10630.1,1511.0,8631.4,5666.5,21209204.5,5549.4,45623.1,35058571.7,24386.7,1757914.7,1354.3,96808.4,1511.0,22760.2,10630.1,1985.9,2193.1
11/1/2019,1508.8,1350.8,163176.7,1165.2,1983.5,1486.9,106851.3,10618.6,1508.8,8608.8,5658.3,21176005.3,5541.7,45516.7,35007173.1,24352.0,1758581.3,1350.8,95671.1,1508.8,22676.1,10618.6,1983.5,2182.4
11/4/2019,1509.5,1353.1,163798.0,1168.4,1983.3,1488.8,106825.7,10611.3,1509.5,8643.1,5660.7,21154941.1,5544.1,45589.2,35019238.9,24362.5,1749829.9,1353.1,95578.4,1509.5,22249.3,10611.3,1983.3,2187.1
11/5/2019,1489.0,1344.5,162518.9,1157.1,1959.2,1476.6,105259.4,10419.8,1489.0,8572.6,5583.9,20796908.4,5469.1,44944.0,34542894.4,24000.0,1723385.1,1344.5,94593.0,1489.0,22010.4,10419.8,1959.2,2159.3
11/6/2019,1486.1,1341.9,162016.6,1154.3,1958.4,1474.6,105483.5,10400.4,1486.1,8561.5,5573.0,20826988.0,5458.5,45023.6,34475612.4,23984.8,1719136.5,1341.9,94930.7,1486.1,22054.5,10400.4,1958.4,2156.4
11/7/2019,1484.3,1343.9,162280.5,1157.7,1956.1,1476.8,105333.5,10371.3,1484.3,8520.9,5566.2,20771336.6,5451.9,45047.0,34433857.9,23940.9,1720765.0,1343.9,94517.0,1484.3,21923.9,10371.3,1956.1,2155.8
11/8/2019,1464.2,1328.5,159804.6,1144.4,1935.0,1459.5,104346.3,10231.5,1464.2,8439.7,5491.2,20518596.7,5378.0,44477.2,33966813.6,23631.4,1694607.0,1328.5,93399.1,1464.2,21652.6,10231.5,1935.0,2134.5
11/11/2019,1458.7,1322.0,159151.5,1133.1,1927.7,1450.8,104242.3,10220.4,1458.7,8421.8,5470.4,20513697.4,5358.0,44260.6,33844756.3,23558.0,1701792.2,1322.0,93181.7,1458.7,21694.5,10220.4,1927.7,2129.8
11/12/2019,1452.1,1318.6,158491.2,1131.0,1921.1,1443.5,103767.1,10169.3,1452.1,8385.6,5445.5,20408560.0,5333.6,44037.0,33686103.4,23443.3,1686047.5,1318.6,93119.9,1452.1,21647.9,10169.3,1921.1,2122.1
11/13/2019,1462.9,1328.8,159068.4,1139.4,1937.5,1447.5,105458.6,10263.7,1462.9,8397.1,5486.2,20590316.1,5373.0,44245.4,33941472.1,23614.8,1708447.4,1328.8,94079.1,1462.9,21846.2,10263.7,1937.5,2141.1
11/14/2019,1466.7,1333.1,159241.5,1140.7,1944.0,1449.6,105549.3,10296.2,1466.7,8446.8,5500.2,20657763.9,5387.2,44307.5,34027744.4,23644.2,1715540.3,1333.1,93962.7,1466.7,21719.6,10296.2,1944.0,2165.0
11/15/2019,1466.9,1327.3,159503.3,1136.8,1939.5,1451.3,105308.7,10286.2,1466.9,8427.0,5501.2,20643682.3,5388.1,44337.0,34039412.2,23661.1,1711432.0,1327.3,93544.2,1466.9,21538.9,10286.2,1939.5,2152.9
11/18/2019,1467.7,1324.5,159320.7,1132.0,1939.4,1449.6,105439.6,10291.3,1467.7,8408.9,5504.0,20659373.9,5390.9,44389.1,34058283.6,23673.2,1708711.4,1324.5,93613.2,1467.7,21675.7,10291.3,1939.4,2153.9
11/19/2019,1468.5,1325.4,159319.5,1135.7,1942.5,1453.3,105308.1,10314.0,1468.5,8385.8,5507.0,20690459.8,5393.8,44347.2,34070241.5,23664.1,1714488.5,1325.4,93789.9,1468.5,21701.1,10314.0,1942.5,2151.1
11/20/2019,1471.7,1329.9,159885.5,1139.8,1956.8,1460.6,105684.6,10356.2,1471.7,8380.5,5519.2,20742875.0,5405.8,44423.3,34144910.6,23753.2,1722035.9,1329.9,93991.9,1471.7,21703.2,10356.2,1956.8,2163.0
11/21/2019,1467.1,1324.5,159204.2,1135.2,1948.0,1454.3,105292.0,10324.5,1467.1,8358.5,5501.7,20667064.1,5388.7,44286.6,34028220.2,23619.5,1728404.6,1324.5,93467.6,1467.1,21556.5,10324.5,1948.0,2158.9
11/22/2019,1464.5,1327.3,159119.8,1141.4,1946.0,1458.3,105034.0,10303.3,1464.5,8360.2,5491.8,20626777.6,5378.8,44200.8,33969381.1,23592.3,1726513.2,1327.3,93435.6,1464.5,21512.8,10303.3,1946.0,2158.4
11/25/2019,1458.4,1324.4,158878.1,1129.9,1941.6,1454.4,104607.4,10255.9,1458.4,8374.5,5469.1,20526978.6,5356.9,44083.8,33834148.5,23494.8,1715078.3,1324.4,93352.2,1458.4,21534.7,10255.9,1941.6,2153.4
11/26/2019,1454.7,1320.7,158680.5,1132.9,1933.2,1452.1,103993.9,10235.4,1454.7,8384.6,5455.1,20488743.9,5343.2,43934.1,33734058.6,23419.9,1711759.3,1320.7,93215.8,1454.7,21555.0,10235.4,1933.2,2144.1
11/27/2019,1454.4,1322.2,159076.8,1129.4,1932.0,1452.8,103776.1,10219.0,1454.4,8419.6,5454.0,20499061.2,5342.0,43972.3,33744552.5,23415.0,1712133.4,1322.2,93165.7,1454.4,21433.1,10219.0,1932.0,2144.7
11/28/2019,1454.7,1321.6,159342.3,1127.4,1933.0,1452.8,104174.7,10229.8,1454.7,8385.7,5454.9,20496744.5,5343.2,43977.7,33750059.7,23449.0,1715032.2,1321.6,93210.3,1454.7,21476.5,10229.8,1933.0,2150.3
11/29/2019,1460.2,1324.3,159901.0,1128.8,1939.4,1459.2,104747.5,10259.7,1460.2,8386.4,5475.6,20595414.4,5363.4,44122.1,33846274.7,23537.6,1724655.9,1324.3,93843.8,1460.2,21395.6,10259.7,1939.4,2158.7
12/2/2019,1461.2,1319.6,159433.4,1130.8,1944.0,1450.7,104709.6,10293.4,1461.2,8386.7,5479.3,20638742.4,5367.0,44240.0,33864340.7,23553.7,1728759.4,1319.6,93869.7,1461.2,21331.3,10293.4,1944.0,2144.5
12/3/2019,1477.3,1332.9,160353.5,1137.0,1964.1,1457.3,105881.8,10409.6,1477.3,8504.3,5539.9,20837313.8,5426.3,44717.9,34230513.8,23814.1,1753702.4,1332.9,94945.2,1477.3,21697.5,10409.6,1964.1,2160.3
12/4/2019,1475.1,1330.4,160513.0,1125.3,1951.9,1458.7,105510.2,10428.8,1475.1,8488.1,5531.6,20806283.4,5418.3,44691.8,34181751.4,23808.1,1761638.0,1330.4,94235.9,1475.1,21531.3,10428.8,1951.9,2153.3
12/5/2019,1476.0,1330.6,160524.3,1122.0,1946.0,1458.6,105213.1,10394.5,1476.0,8490.0,5534.8,20759236.1,5421.4,44717.6,34194808.5,23807.1,1756749.4,1330.6,94180.4,1476.0,21683.9,10394.5,1946.0,2162.7
12/6/2019,1459.7,1321.1,158605.5,1113.7,1936.4,1446.7,103934.4,10267.2,1459.7,8439.3,5473.7,20489835.5,5361.5,44271.2,33831035.6,23558.8,1736545.4,1321.1,92904.9,1459.7,21364.9,10267.2,1936.4,2137.0
12/9/2019,1461.7,1320.5,158747.9,1111.1,1933.5,1444.7,103853.8,10290.8,1461.7,8499.6,5481.4,20485724.8,5369.0,44285.8,33869780.4,23591.8,1739276.6,1320.5,93062.8,1461.7,21399.3,10290.8,1933.5,2140.0
12/10/2019,1465.0,1321.1,159254.7,1112.4,1938.6,1444.7,103901.6,10310.3,1465.0,8499.6,5493.7,20523948.8,5381.0,44384.3,33944355.3,23673.6,1745267.9,1321.1,93095.7,1465.0,21772.8,10310.3,1938.6,2151.7
12/11/2019,1466.8,1323.2,159441.1,1113.2,1938.6,1446.7,103909.9,10324.2,1466.8,8528.9,5500.8,20586535.3,5387.8,44433.0,33995285.7,23716.3,1752385.7,1323.2,93240.8,1466.8,21598.6,10324.2,1938.6,2140.5
12/12/2019,1467.8,1320.3,160415.8,1118.8,1936.3,1448.8,103971.6,10323.0,1467.8,8475.4,5504.5,20585892.3,5391.5,44309.2,34008921.5,23660.9,1742058.0,1320.3,92092.6,1467.8,21332.3,10323.0,1936.3,2127.1
12/13/2019,1466.6,1316.9,160255.4,1099.0,1935.6,1441.4,103871.9,10242.9,1466.6,8540.4,5500.4,20510399.0,5387.0,44302.3,33986985.0,23641.6,1719148.3,1316.9,92240.9,1466.6,21267.9,10242.9,1935.6,2133.4
12/16/2019,1477.9,1327.0,162022.2,1108.3,1943.7,1454.0,104944.8,10349.7,1477.9,8649.0,5542.9,20697988.1,5428.6,44676.9,34254025.0,23690.7,1732541.8,1327.0,92274.5,1477.9,21238.9,10349.7,1943.7,2143.3
12/17/2019,1475.8,1323.2,161637.0,1123.6,1941.6,1445.9,104756.0,10334.0,1475.8,8689.5,5535.1,20646439.3,5420.8,44606.0,34204612.1,23684.7,1721151.5,1323.2,92094.5,1475.8,21235.7,10334.0,1941.6,2152.7
12/18/2019,1474.1,1324.9,161541.1,1127.7,1933.3,1446.4,104618.8,10317.8,1474.1,8729.7,5529.1,20599846.0,5414.4,44534.7,34159630.2,23665.9,1722795.7,1324.9,92270.1,1474.1,21036.2,10317.8,1933.3,2148.3
12/19/2019,1476.7,1328.4,161410.7,1133.4,1938.8,1444.8,104882.6,10348.3,1476.7,8771.2,5539.5,20651648.8,5424.1,44607.4,34215137.9,23686.3,1721241.3,1328.4,92129.5,1476.7,21034.1,10348.3,1938.8,2146.7
12/20/2019,1479.0,1334.2,161883.9,1133.5,1947.6,1452.1,105182.8,10370.0,1479.0,8784.9,5548.0,20672722.5,5432.6,44639.9,34277304.0,23734.2,1716601.2,1334.2,92117.7,1479.0,21047.3,10370.0,1947.6,2142.1
12/23/2019,1482.1,1336.7,162104.7,1146.7,1952.4,1455.6,105499.6,10393.5,1482.1,8816.3,5560.1,20701229.7,5444.0,44711.2,34346923.1,23772.9,1725608.6,1336.7,92257.0,1482.1,21052.5,10393.5,1952.4,2142.5
12/24/2019,1482.1,1336.4,162052.8,1143.3,1949.9,1453.2,105622.8,10385.8,1482.1,8818.5,5561.2,20701229.7,5444.0,44696.4,34351369.4,23787.7,1724941.7,1336.4,91871.7,1482.1,20931.0,10385.8,1949.9,2139.3
12/25/2019,1482.1,1336.4,162052.8,1143.3,1949.9,1453.2,105622.8,10385.8,1482.1,8818.5,5561.2,20701229.7,5444.0,44696.4,34351369.4,23787.7,1724941.7,1336.4,91871.7,1482.1,20931.0,10385.8,1949.9,2139.3
12/26/2019,1482.1,1335.4,162497.4,1140.1,1944.5,1454.5,105699.6,10372.5,1482.1,8799.2,5560.8,20682703.5,5444.0,44715.0,34347664.1,23771.0,1721977.5,1335.4,92242.2,1482.1,20956.9,10372.5,1944.5,2135.9
12/27/2019,1511.5,1354.0,165637.7,1154.7,1978.0,1475.0,107849.3,10579.3,1511.5,9004.8,5671.2,21085425.0,5552.0,45575.5,35024478.0,24242.6,1755607.3,1354.0,93871.7,1511.5,21212.0,10579.3,1978.0,2164.7
12/30/2019,1514.8,1352.0,165085.0,1155.1,1977.8,1468.0,108030.1,10584.9,1514.8,9001.0,5682.3,21092136.4,5563.9,45372.4,35100544.4,24296.6,1751732.6,1352.0,93898.4,1514.8,21325.8,10584.9,1977.8,2165.0
12/31/2019,1514.8,1349.4,164615.4,1143.4,1964.3,1466.8,108120.0,10551.3,1514.8,9014.3,5682.3,21028516.9,5563.9,45372.4,35100544.4,24311.7,1751732.6,1349.4,94083.0,1514.8,21181.5,10551.3,1964.3,2154.9
